method,path,source_line,observed_access,proposed_access,note,source_url
GET,/health,136,public,public,Public operational metadata only,https://github.com/ImanNasrEsfahani/comfyui-controller/blob/bea004d97a264f892cfae6dec9c4f691aed40a39/backend/app/main.py#L136
GET,/api/workflows,149,public,public,Return sanitized approved catalog summaries only,https://github.com/ImanNasrEsfahani/comfyui-controller/blob/bea004d97a264f892cfae6dec9c4f691aed40a39/backend/app/main.py#L149
GET,/api/catalog,154,public,public,Hide raw executable graph and secrets,https://github.com/ImanNasrEsfahani/comfyui-controller/blob/bea004d97a264f892cfae6dec9c4f691aed40a39/backend/app/main.py#L154
GET,/api/workflows/{workflow_id},165,admin-token,admin or authorized user,Current full workflow stored graph must be controlled,https://github.com/ImanNasrEsfahani/comfyui-controller/blob/bea004d97a264f892cfae6dec9c4f691aed40a39/backend/app/main.py#L165
PUT,/api/workflows/{workflow_id},174,admin-token,admin / privileged workflow editor,Versioned allowlist and audit,https://github.com/ImanNasrEsfahani/comfyui-controller/blob/bea004d97a264f892cfae6dec9c4f691aed40a39/backend/app/main.py#L174
DELETE,/api/workflows/{workflow_id},191,admin-token,admin,Soft-deprecate; preserve old jobs,https://github.com/ImanNasrEsfahani/comfyui-controller/blob/bea004d97a264f892cfae6dec9c4f691aed40a39/backend/app/main.py#L191
POST,/api/uploads,197,admin-token,authenticated user,Bind stable owner on asset before granting use,https://github.com/ImanNasrEsfahani/comfyui-controller/blob/bea004d97a264f892cfae6dec9c4f691aed40a39/backend/app/main.py#L197
GET,/api/jobs/{local_id}/assets/{asset_id}/download,249,admin-token,owner or authorized grant,Always verify BOTH job and asset authorization,https://github.com/ImanNasrEsfahani/comfyui-controller/blob/bea004d97a264f892cfae6dec9c4f691aed40a39/backend/app/main.py#L249
POST,/api/jobs,431,admin-token,authenticated user,Scope idempotency and references per user,https://github.com/ImanNasrEsfahani/comfyui-controller/blob/bea004d97a264f892cfae6dec9c4f691aed40a39/backend/app/main.py#L431
GET,/api/job-requests/{client_request_id},440,admin-token,owner,Scoped request lookup,https://github.com/ImanNasrEsfahani/comfyui-controller/blob/bea004d97a264f892cfae6dec9c4f691aed40a39/backend/app/main.py#L440
GET,/api/jobs,510,admin-token,owner list; admin audit route separate,Apply owner scope in SQL,https://github.com/ImanNasrEsfahani/comfyui-controller/blob/bea004d97a264f892cfae6dec9c4f691aed40a39/backend/app/main.py#L510
GET,/api/jobs/history,549,admin-token,owner,Filter in SQL and cursor,https://github.com/ImanNasrEsfahani/comfyui-controller/blob/bea004d97a264f892cfae6dec9c4f691aed40a39/backend/app/main.py#L549
GET,/api/job-comparison,609,admin-token,owner of both jobs,No cross-account comparison,https://github.com/ImanNasrEsfahani/comfyui-controller/blob/bea004d97a264f892cfae6dec9c4f691aed40a39/backend/app/main.py#L609
GET,/api/jobs/{local_id},624,admin-token,owner,Return 404/403 per non-disclosure policy,https://github.com/ImanNasrEsfahani/comfyui-controller/blob/bea004d97a264f892cfae6dec9c4f691aed40a39/backend/app/main.py#L624
GET,/api/jobs/{local_id}/draft,649,admin-token,owner,Reference permissions independent of owner check,https://github.com/ImanNasrEsfahani/comfyui-controller/blob/bea004d97a264f892cfae6dec9c4f691aed40a39/backend/app/main.py#L649
POST,/api/jobs/{local_id}/retry,670,admin-token,owner,Immutable snapshot and quota,https://github.com/ImanNasrEsfahani/comfyui-controller/blob/bea004d97a264f892cfae6dec9c4f691aed40a39/backend/app/main.py#L670
POST,/api/jobs/{local_id}/cancel,708,admin-token,owner,Worker acknowledgement; no provider control,https://github.com/ImanNasrEsfahani/comfyui-controller/blob/bea004d97a264f892cfae6dec9c4f691aed40a39/backend/app/main.py#L708
DELETE,/api/jobs/{local_id},726,admin-token,owner,Distinguish hide vs permanent delete,https://github.com/ImanNasrEsfahani/comfyui-controller/blob/bea004d97a264f892cfae6dec9c4f691aed40a39/backend/app/main.py#L726
GET,/api/jobs/{local_id}/images,739,admin-token,owner,No public media direct IDs,https://github.com/ImanNasrEsfahani/comfyui-controller/blob/bea004d97a264f892cfae6dec9c4f691aed40a39/backend/app/main.py#L739
GET,/api/salad/settings,755,admin-token,admin,Never include provider credentials,https://github.com/ImanNasrEsfahani/comfyui-controller/blob/bea004d97a264f892cfae6dec9c4f691aed40a39/backend/app/main.py#L755
PUT,/api/salad/settings,761,admin-token,admin,Audit versioned configuration,https://github.com/ImanNasrEsfahani/comfyui-controller/blob/bea004d97a264f892cfae6dec9c4f691aed40a39/backend/app/main.py#L761
POST,/api/salad/settings/deploy,768,admin-token,admin,Change approval and audit,https://github.com/ImanNasrEsfahani/comfyui-controller/blob/bea004d97a264f892cfae6dec9c4f691aed40a39/backend/app/main.py#L768
GET,/api/salad/instances,777,admin-token,admin; user gets sanitized readiness elsewhere,Provider metadata limited,https://github.com/ImanNasrEsfahani/comfyui-controller/blob/bea004d97a264f892cfae6dec9c4f691aed40a39/backend/app/main.py#L777
POST,/api/salad/keep-warm,786,admin-token,admin,GPU cost controls admin-only,https://github.com/ImanNasrEsfahani/comfyui-controller/blob/bea004d97a264f892cfae6dec9c4f691aed40a39/backend/app/main.py#L786
POST,/api/salad/auto-scale,795,admin-token,admin,GPU cost controls admin-only,https://github.com/ImanNasrEsfahani/comfyui-controller/blob/bea004d97a264f892cfae6dec9c4f691aed40a39/backend/app/main.py#L795
POST,/api/salad/stop,804,admin-token,admin,Drain verified before stop,https://github.com/ImanNasrEsfahani/comfyui-controller/blob/bea004d97a264f892cfae6dec9c4f691aed40a39/backend/app/main.py#L804
POST,/api/salad/start,813,admin-token,admin,Explicit costly action,https://github.com/ImanNasrEsfahani/comfyui-controller/blob/bea004d97a264f892cfae6dec9c4f691aed40a39/backend/app/main.py#L813
POST,/api/salad/replica,822,admin-token,admin,Prevent direct user scaling,https://github.com/ImanNasrEsfahani/comfyui-controller/blob/bea004d97a264f892cfae6dec9c4f691aed40a39/backend/app/main.py#L822
POST,/api/worker/hello,864,worker-token,worker-only,Bound service identity + generation,https://github.com/ImanNasrEsfahani/comfyui-controller/blob/bea004d97a264f892cfae6dec9c4f691aed40a39/backend/app/main.py#L864
POST,/api/worker/claim,874,worker-token,worker-only,Authorized lease with fenced attempt,https://github.com/ImanNasrEsfahani/comfyui-controller/blob/bea004d97a264f892cfae6dec9c4f691aed40a39/backend/app/main.py#L874
POST,/api/worker/heartbeat/{local_id},882,worker-token,worker-only,Lease/generation fencing,https://github.com/ImanNasrEsfahani/comfyui-controller/blob/bea004d97a264f892cfae6dec9c4f691aed40a39/backend/app/main.py#L882
POST,/api/worker/progress/{local_id},892,worker-token,worker-only,Reject stale attempt,https://github.com/ImanNasrEsfahani/comfyui-controller/blob/bea004d97a264f892cfae6dec9c4f691aed40a39/backend/app/main.py#L892
POST,/api/worker/cancelled/{local_id},902,worker-token,worker-only,Worker confirmed only,https://github.com/ImanNasrEsfahani/comfyui-controller/blob/bea004d97a264f892cfae6dec9c4f691aed40a39/backend/app/main.py#L902
POST,/api/worker/complete/{local_id},911,worker-token,worker-only,Verify output under assigned owner/job prefix,https://github.com/ImanNasrEsfahani/comfyui-controller/blob/bea004d97a264f892cfae6dec9c4f691aed40a39/backend/app/main.py#L911
POST,/api/worker/fail/{local_id},926,worker-token,worker-only,Safe error details and leases,https://github.com/ImanNasrEsfahani/comfyui-controller/blob/bea004d97a264f892cfae6dec9c4f691aed40a39/backend/app/main.py#L926
GET,/api/direct/status,935,admin-token,admin,Sensitive queue state,https://github.com/ImanNasrEsfahani/comfyui-controller/blob/bea004d97a264f892cfae6dec9c4f691aed40a39/backend/app/main.py#L935
POST,/api/direct/reset-hold,948,admin-token,admin,Cost/availability-changing action,https://github.com/ImanNasrEsfahani/comfyui-controller/blob/bea004d97a264f892cfae6dec9c4f691aed40a39/backend/app/main.py#L948
